hvfhs_license_num,dispatching_base_num,pickup_datetime,dropoff_datetime,PULocationID,DOLocationID,SR_Flag
HV0003,B02682,2021-01-01 00:33:44,2021-01-01 00:49:07,230,166,
HV0003,B02682,2021-01-01 00:55:19,2021-01-01 01:18:21,152,167,
HV0003,B02764,2021-01-01 00:23:56,2021-01-01 00:38:05,233,142,
HV0003,B02764,2021-01-01 00:42:51,2021-01-01 00:45:50,142,143,
HV0003,B02764,2021-01-01 00:48:14,2021-01-01 01:08:42,143,78,
HV0005,B02510,2021-01-01 00:06:59,2021-01-01 00:43:01,88,42,
HV0005,B02510,2021-01-01 00:50:00,2021-01-01 01:04:57,42,151,
HV0003,B02764,2021-01-01 00:14:30,2021-01-01 00:50:27,71,226,
HV0003,B02875,2021-01-01 00:22:54,2021-01-01 00:30:20,112,255,
HV0003,B02875,2021-01-01 00:40:12,2021-01-01 00:53:31,255,232,
HV0003,B02875,2021-01-01 00:56:45,2021-01-01 01:17:42,232,198,
HV0003,B02835,2021-01-01 00:29:04,2021-01-01 00:36:27,113,48,
HV0003,B02835,2021-01-01 00:48:56,2021-01-01 00:59:12,239,75,
HV0004,B02800,2021-01-01 00:15:24,2021-01-01 00:38:31,181,237,
HV0004,B02800,2021-01-01 00:45:00,2021-01-01 01:06:45,236,68,
HV0003,B02682,2021-01-01 00:11:53,2021-01-01 00:18:06,256,148,
HV0003,B02682,2021-01-01 00:28:31,2021-01-01 00:41:40,79,80,
HV0003,B02682,2021-01-01 00:50:49,2021-01-01 00:55:59,17,217,
HV0005,B02510,2021-01-01 00:08:40,2021-01-01 00:39:39,62,29,
HV0003,B02836,2021-01-01 00:53:48,2021-01-01 01:11:40,22,22,
HV0005,B02510,2021-01-01 00:22:24,2021-01-01 00:36:23,92,191,
HV0005,B02510,2021-01-01 00:40:55,2021-01-01 00:52:38,191,203,
HV0003,B02836,2021-01-01 00:36:21,2021-01-01 00:57:41,146,129,
HV0003,B02512,2021-01-01 00:14:21,2021-01-01 00:21:16,37,225,
HV0003,B02512,2021-01-01 00:26:37,2021-01-01 01:08:20,225,47,
HV0003,B02764,2021-01-01 00:19:11,2021-01-01 00:33:49,81,32,
HV0003,B02764,2021-01-01 00:39:51,2021-01-01 00:58:51,32,126,
HV0005,B02510,2021-01-01 00:11:59,2021-01-01 00:32:27,119,75,
HV0005,B02510,2021-01-01 00:39:10,2021-01-01 01:01:57,75,129,
HV0005,B02510,2021-01-01 00:14:44,2021-01-01 00:37:27,205,95,
HV0005,B02510,2021-01-01 00:45:29,2021-01-01 01:09:46,82,244,
HV0003,B02764,2021-01-01 00:06:49,2021-01-01 00:20:07,138,42,
HV0003,B02764,2021-01-01 00:27:12,2021-01-01 00:47:00,42,182,
HV0003,B02764,2021-01-01 00:52:12,2021-01-01 01:06:40,250,32,
HV0005,B02510,2021-01-01 00:19:55,2021-01-01 00:32:17,50,244,
HV0005,B02510,2021-01-01 00:41:10,2021-01-01 00:53:11,244,116,
HV0005,B02510,2021-01-01 00:57:33,2021-01-01 01:10:19,116,168,
HV0003,B02872,2021-01-01 00:17:19,2021-01-01 00:27:08,234,170,
HV0003,B02872,2021-01-01 00:50:50,2021-01-01 01:00:05,66,4,
HV0003,B02764,2021-01-01 00:18:42,2021-01-01 00:33:23,113,237,
HV0003,B02764,2021-01-01 00:38:27,2021-01-01 00:48:48,237,107,
HV0003,B02682,2021-01-01 00:12:14,2021-01-01 00:26:11,39,71,
HV0003,B02682,2021-01-01 00:35:20,2021-01-01 00:44:08,91,89,
HV0003,B02682,2021-01-01 00:46:07,2021-01-01 00:53:32,89,89,
HV0003,B02682,2021-01-01 00:58:40,2021-01-01 01:04:40,165,165,
HV0003,B02872,2021-01-01 00:37:20,2021-01-01 00:46:03,234,144,
HV0003,B02872,2021-01-01 00:56:54,2021-01-01 01:23:17,87,7,
HV0005,B02510,2021-01-01 00:32:47,2021-01-01 01:20:32,209,265,
HV0003,B02888,2021-01-01 00:14:30,2021-01-01 00:36:50,48,224,
HV0003,B02888,2021-01-01 00:45:14,2021-01-01 00:51:02,229,140,
HV0003,B02888,2021-01-01 00:58:14,2021-01-01 01:05:29,262,263,
HV0005,B02510,2021-01-01 00:47:11,2021-01-01 01:10:29,230,265,
HV0003,B02617,2021-01-01 00:19:00,2021-01-01 00:31:44,14,97,
HV0003,B02617,2021-01-01 00:41:04,2021-01-01 01:06:28,148,36,
HV0003,B02836,2021-01-01 00:35:37,2021-01-01 01:00:46,256,91,
HV0005,B02510,2021-01-01 00:32:35,2021-01-01 00:43:30,37,148,
HV0005,B02510,2021-01-01 00:48:30,2021-01-01 01:11:53,148,223,
HV0003,B02764,2021-01-01 00:23:12,2021-01-01 00:30:18,250,213,
HV0003,B02764,2021-01-01 00:33:48,2021-01-01 00:45:38,213,126,
HV0003,B02764,2021-01-01 00:49:30,2021-01-01 01:05:26,126,247,
HV0004,B02800,2021-01-01 00:06:06,2021-01-01 00:19:55,168,75,
HV0004,B02800,2021-01-01 00:28:06,2021-01-01 00:40:46,151,143,
HV0004,B02800,2021-01-01 00:53:48,2021-01-01 01:13:37,116,263,
HV0005,B02510,2021-01-01 00:12:34,2021-01-01 00:29:19,232,68,
HV0005,B02510,2021-01-01 00:33:30,2021-01-01 00:46:06,68,161,
HV0005,B02510,2021-01-01 00:46:19,2021-01-01 00:55:26,168,42,
HV0005,B02510,2021-01-01 00:59:50,2021-01-01 01:15:15,116,242,
HV0003,B02864,2021-01-01 00:22:22,2021-01-01 00:49:03,256,35,
HV0003,B02764,2021-01-01 00:08:27,2021-01-01 00:25:17,112,36,
HV0003,B02764,2021-01-01 00:27:44,2021-01-01 01:02:46,36,247,
HV0003,B02764,2021-01-01 00:55:23,2021-01-01 01:15:07,233,265,
HV0003,B02872,2021-01-01 00:05:04,2021-01-01 00:25:52,245,22,
HV0003,B02872,2021-01-01 00:37:19,2021-01-01 00:50:12,22,227,
HV0003,B02872,2021-01-01 00:56:08,2021-01-01 01:32:49,228,250,
HV0005,B02510,2021-01-01 00:40:04,2021-01-01 00:58:03,232,238,
HV0003,B02877,2021-01-01 00:36:20,2021-01-01 01:14:59,230,186,
HV0004,B02800,2021-01-01 00:28:43,2021-01-01 00:47:00,4,145,
HV0004,B02800,2021-01-01 00:51:39,2021-01-01 01:02:52,145,146,
HV0003,B02889,2021-01-01 00:19:21,2021-01-01 00:46:32,185,116,
HV0003,B02889,2021-01-01 00:50:12,2021-01-01 01:05:42,116,242,
HV0005,B02510,2021-01-01 00:12:22,2021-01-01 00:22:25,148,79,
HV0005,B02510,2021-01-01 00:27:03,2021-01-01 00:46:57,4,265,
HV0003,B02889,2021-01-01 00:10:34,2021-01-01 00:15:31,80,255,
HV0003,B02889,2021-01-01 00:23:56,2021-01-01 00:31:22,255,80,
HV0003,B02889,2021-01-01 00:33:57,2021-01-01 00:37:31,80,80,
HV0003,B02889,2021-01-01 00:41:01,2021-01-01 00:53:33,80,226,
HV0005,B02510,2021-01-01 00:25:45,2021-01-01 00:35:41,209,137,
HV0005,B02510,2021-01-01 00:42:23,2021-01-01 01:01:28,4,49,
HV0005,B02510,2021-01-01 00:42:26,2021-01-01 01:11:38,71,77,
HV0003,B02512,2021-01-01 00:05:32,2021-01-01 00:17:36,35,72,
HV0003,B02764,2021-01-01 00:46:23,2021-01-01 00:52:15,113,148,
HV0003,B02764,2021-01-01 00:59:10,2021-01-01 01:08:09,211,66,
HV0003,B02876,2021-01-01 00:13:51,2021-01-01 00:20:26,17,61,
HV0003,B02876,2021-01-01 00:36:01,2021-01-01 00:56:18,256,13,
HV0003,B02872,2021-01-01 00:17:32,2021-01-01 00:33:42,90,87,
HV0003,B02872,2021-01-01 00:47:50,2021-01-01 01:03:45,231,141,
HV0005,B02510,2021-01-01 00:15:03,2021-01-01 00:41:05,48,97,
HV0005,B02510,2021-01-01 00:47:09,2021-01-01 01:05:40,97,231,
HV0005,B02510,2021-01-01 00:09:53,2021-01-01 00:49:57,61,117,
HV0005,B02510,2021-01-01 00:52:59,2021-01-01 01:27:18,117,76,
HV0003,B02764,2021-01-01 00:42:10,2021-01-01 00:46:56,7,7,
HV0003,B02764,2021-01-01 00:49:48,2021-01-01 01:16:16,7,18,
HV0003,B02864,2021-01-01 00:29:56,2021-01-01 00:43:49,75,168,
HV0003,B02864,2021-01-01 00:50:03,2021-01-01 01:07:53,159,242,
HV0003,B02764,2021-01-01 00:33:14,2021-01-01 00:40:00,140,263,
HV0003,B02764,2021-01-01 00:48:31,2021-01-01 01:01:57,75,69,
HV0003,B02876,2021-01-01 00:32:06,2021-01-01 00:37:59,71,71,
HV0003,B02876,2021-01-01 00:45:16,2021-01-01 00:53:49,71,91,
HV0005,B02510,2021-01-01 00:15:57,2021-01-01 00:36:06,97,249,
HV0005,B02510,2021-01-01 00:30:26,2021-01-01 00:44:43,209,170,
HV0005,B02510,2021-01-01 00:57:21,2021-01-01 01:08:08,234,48,
HV0005,B02510,2021-01-01 00:20:52,2021-01-01 00:52:41,21,37,
HV0005,B02510,2021-01-01 00:57:25,2021-01-01 01:12:14,37,49,
HV0003,B02876,2021-01-01 00:34:27,2021-01-01 00:46:36,222,130,
HV0003,B02877,2021-01-01 00:22:51,2021-01-01 00:33:48,227,67,
HV0003,B02877,2021-01-01 00:38:02,2021-01-01 00:45:01,22,14,
HV0003,B02877,2021-01-01 00:52:53,2021-01-01 01:26:18,67,265,
HV0003,B02889,2021-01-01 00:09:37,2021-01-01 00:25:18,133,87,
HV0003,B02889,2021-01-01 00:30:50,2021-01-01 00:43:02,87,233,
HV0003,B02889,2021-01-01 00:53:30,2021-01-01 01:00:16,107,164,
HV0003,B02765,2021-01-01 00:13:42,2021-01-01 00:20:38,216,216,
HV0003,B02765,2021-01-01 00:27:56,2021-01-01 00:34:35,197,258,
HV0003,B02765,2021-01-01 00:38:59,2021-01-01 01:04:52,197,186,
HV0005,B02510,2021-01-01 00:58:00,2021-01-01 01:06:57,237,79,
HV0003,B02395,2021-01-01 00:25:59,2021-01-01 00:32:25,85,85,
HV0003,B02395,2021-01-01 00:37:13,2021-01-01 01:11:19,85,38,
HV0005,B02510,2021-01-01 00:21:22,2021-01-01 00:24:37,263,140,
HV0005,B02510,2021-01-01 00:28:58,2021-01-01 00:43:16,140,236,
HV0005,B02510,2021-01-01 00:49:18,2021-01-01 00:56:14,74,74,
HV0005,B02510,2021-01-01 00:07:04,2021-01-01 00:23:08,79,234,
HV0005,B02510,2021-01-01 00:39:13,2021-01-01 01:00:51,224,143,
HV0003,B02871,2021-01-01 00:56:01,2021-01-01 01:09:19,17,255,
HV0005,B02510,2021-01-01 00:11:50,2021-01-01 00:32:51,41,167,
HV0005,B02510,2021-01-01 00:40:24,2021-01-01 00:52:55,47,42,
HV0005,B02510,2021-01-01 00:58:44,2021-01-01 01:18:00,42,226,
HV0005,B02510,2021-01-01 00:19:54,2021-01-01 00:58:06,230,87,
HV0005,B02510,2021-01-01 00:32:25,2021-01-01 00:46:36,148,68,
HV0003,B02764,2021-01-01 00:50:42,2021-01-01 01:11:07,68,112,
HV0005,B02510,2021-01-01 00:23:58,2021-01-01 00:31:20,263,140,
HV0005,B02510,2021-01-01 00:38:50,2021-01-01 00:51:59,262,143,
HV0005,B02510,2021-01-01 00:07:35,2021-01-01 00:15:24,68,68,
HV0005,B02510,2021-01-01 00:30:53,2021-01-01 00:46:00,68,79,
HV0005,B02510,2021-01-01 00:49:10,2021-01-01 01:00:51,79,45,
HV0005,B02510,2021-01-01 00:49:52,2021-01-01 01:01:22,231,137,
HV0003,B02617,2021-01-01 00:16:28,2021-01-01 00:32:33,238,153,
HV0003,B02617,2021-01-01 00:37:15,2021-01-01 00:43:54,153,243,
HV0003,B02617,2021-01-01 00:47:38,2021-01-01 01:01:32,127,74,
HV0003,B02682,2021-01-01 00:09:54,2021-01-01 00:16:04,48,143,
HV0003,B02682,2021-01-01 00:17:48,2021-01-01 00:31:58,143,42,
HV0003,B02682,2021-01-01 00:35:52,2021-01-01 00:55:05,42,250,
HV0003,B02869,2021-01-01 00:05:59,2021-01-01 00:14:38,76,77,
HV0003,B02869,2021-01-01 00:21:41,2021-01-01 00:51:16,77,126,
HV0003,B02869,2021-01-01 00:55:36,2021-01-01 01:09:13,126,213,
HV0003,B02866,2021-01-01 00:54:24,2021-01-01 01:11:15,79,255,
HV0003,B02869,2021-01-01 00:23:05,2021-01-01 00:29:40,37,37,
HV0003,B02869,2021-01-01 00:31:47,2021-01-01 00:45:23,37,17,
HV0003,B02869,2021-01-01 00:51:41,2021-01-01 00:57:38,61,225,
HV0005,B02510,2021-01-01 00:12:26,2021-01-01 00:22:22,224,170,
HV0005,B02510,2021-01-01 00:28:38,2021-01-01 00:58:02,186,60,
HV0003,B02889,2021-01-01 00:15:56,2021-01-01 00:26:18,164,141,
HV0003,B02889,2021-01-01 00:32:56,2021-01-01 00:40:34,140,75,
HV0003,B02889,2021-01-01 00:44:20,2021-01-01 00:58:36,75,45,
HV0003,B02682,2021-01-01 00:07:16,2021-01-01 00:55:45,152,177,
HV0003,B02682,2021-01-01 00:59:27,2021-01-01 01:08:33,177,76,
HV0005,B02510,2021-01-01 00:41:09,2021-01-01 01:06:35,132,74,
HV0003,B02864,2021-01-01 00:32:10,2021-01-01 00:38:54,125,13,
HV0003,B02864,2021-01-01 00:50:32,2021-01-01 01:00:56,13,224,
HV0005,B02510,2021-01-01 00:14:05,2021-01-01 00:31:57,119,75,
HV0005,B02510,2021-01-01 00:37:21,2021-01-01 00:51:10,74,169,
HV0005,B02510,2021-01-01 00:53:50,2021-01-01 01:01:55,169,94,
HV0003,B02764,2021-01-01 00:20:31,2021-01-01 00:26:40,91,71,
HV0003,B02764,2021-01-01 00:32:01,2021-01-01 00:43:23,89,72,
HV0003,B02764,2021-01-01 00:47:07,2021-01-01 00:51:17,72,72,
HV0003,B02764,2021-01-01 00:54:22,2021-01-01 01:17:04,72,76,
HV0003,B02836,2021-01-01 00:24:15,2021-01-01 00:40:35,151,229,
HV0003,B02836,2021-01-01 00:55:37,2021-01-01 01:11:04,237,226,
HV0005,B02510,2021-01-01 00:31:15,2021-01-01 00:36:46,249,186,
HV0005,B02510,2021-01-01 00:48:38,2021-01-01 01:29:35,48,265,
HV0003,B02835,2021-01-01 00:09:38,2021-01-01 00:18:42,127,244,
HV0003,B02835,2021-01-01 00:23:01,2021-01-01 00:28:24,243,127,
HV0003,B02835,2021-01-01 00:33:13,2021-01-01 00:49:39,127,212,
HV0003,B02835,2021-01-01 00:53:54,2021-01-01 01:06:47,212,168,
HV0005,B02510,2021-01-01 00:04:36,2021-01-01 00:17:11,52,255,
HV0005,B02510,2021-01-01 00:37:41,2021-01-01 01:06:04,112,36,
HV0005,B02510,2021-01-01 00:17:59,2021-01-01 00:26:04,78,167,
HV0005,B02510,2021-01-01 00:31:39,2021-01-01 00:41:12,167,213,
HV0003,B02764,2021-01-01 00:49:29,2021-01-01 01:01:12,212,167,
HV0003,B02835,2021-01-01 00:26:23,2021-01-01 01:16:47,68,14,
HV0003,B02869,2021-01-01 00:23:12,2021-01-01 00:35:36,262,168,
HV0003,B02869,2021-01-01 00:40:40,2021-01-01 00:53:07,69,127,
HV0003,B02869,2021-01-01 00:55:34,2021-01-01 01:15:13,127,265,
HV0003,B02764,2021-01-01 00:18:49,2021-01-01 00:50:25,211,254,
HV0003,B02764,2021-01-01 00:53:05,2021-01-01 01:04:18,32,18,
HV0003,B02867,2021-01-01 00:08:23,2021-01-01 00:18:26,188,89,
HV0005,B02510,2021-01-01 00:16:05,2021-01-01 00:37:28,73,258,
HV0003,B02877,2021-01-01 00:43:16,2021-01-01 00:51:51,258,134,
HV0003,B02877,2021-01-01 00:52:15,2021-01-01 01:11:06,134,82,
HV0005,B02510,2021-01-01 00:39:30,2021-01-01 01:03:12,37,36,
HV0003,B02869,2021-01-01 00:28:08,2021-01-01 00:34:49,256,37,
HV0005,B02510,2021-01-01 00:29:18,2021-01-01 00:35:58,17,225,
HV0005,B02510,2021-01-01 00:40:52,2021-01-01 01:02:01,225,40,
HV0005,B02510,2021-01-01 00:25:08,2021-01-01 00:43:42,75,244,
HV0005,B02510,2021-01-01 00:47:02,2021-01-01 00:56:12,244,244,
HV0003,B02875,2021-01-01 00:36:23,2021-01-01 00:49:11,234,143,
HV0003,B02875,2021-01-01 00:51:24,2021-01-01 01:01:19,143,230,
HV0003,B02836,2021-01-01 00:21:46,2021-01-01 00:38:08,80,36,
HV0003,B02836,2021-01-01 00:44:22,2021-01-01 01:15:07,198,239,
HV0005,B02510,2021-01-01 00:16:04,2021-01-01 00:24:19,181,40,
HV0005,B02510,2021-01-01 00:27:37,2021-01-01 00:31:33,52,54,
HV0005,B02510,2021-01-01 00:35:19,2021-01-01 00:47:53,52,181,
HV0005,B02510,2021-01-01 00:49:55,2021-01-01 01:00:41,181,40,
HV0003,B02617,2021-01-01 00:01:20,2021-01-01 00:07:39,151,238,
HV0003,B02617,2021-01-01 00:10:07,2021-01-01 00:19:39,238,75,
HV0003,B02617,2021-01-01 00:23:06,2021-01-01 00:52:07,75,18,
HV0003,B02617,2021-01-01 00:56:04,2021-01-01 01:15:16,241,51,
HV0003,B02764,2021-01-01 00:20:38,2021-01-01 00:29:26,259,81,
HV0003,B02764,2021-01-01 00:33:14,2021-01-01 00:38:06,254,259,
HV0003,B02764,2021-01-01 00:44:10,2021-01-01 00:49:45,81,81,
HV0003,B02764,2021-01-01 00:54:39,2021-01-01 01:05:22,3,32,
HV0005,B02510,2021-01-01 00:19:29,2021-01-01 00:32:22,239,116,
HV0005,B02510,2021-01-01 00:35:24,2021-01-01 00:53:31,116,18,
HV0005,B02510,2021-01-01 00:19:41,2021-01-01 00:34:50,141,143,
HV0003,B02764,2021-01-01 00:04:46,2021-01-01 00:11:58,79,141,
HV0003,B02764,2021-01-01 00:38:03,2021-01-01 00:42:18,143,142,
HV0003,B02764,2021-01-01 00:45:44,2021-01-01 00:56:29,142,41,
HV0003,B02764,2021-01-01 00:44:55,2021-01-01 00:57:11,74,42,
HV0005,B02510,2021-01-01 00:40:26,2021-01-01 00:51:37,80,36,
HV0005,B02510,2021-01-01 00:54:42,2021-01-01 01:01:15,36,36,
HV0005,B02510,2021-01-01 00:32:45,2021-01-01 00:59:46,130,232,
HV0003,B02764,2021-01-01 00:51:26,2021-01-01 00:54:29,170,170,
HV0003,B02765,2021-01-01 00:46:03,2021-01-01 01:21:10,230,71,
HV0003,B02888,2021-01-01 00:53:37,2021-01-01 01:06:05,87,80,
HV0003,B02884,2021-01-01 00:20:36,2021-01-01 00:43:17,238,265,
HV0003,B02875,2021-01-01 00:05:53,2021-01-01 00:13:52,97,189,
HV0003,B02765,2021-01-01 00:14:25,2021-01-01 00:22:03,164,158,
HV0003,B02765,2021-01-01 00:35:19,2021-01-01 01:04:12,249,85,
HV0005,B02510,2021-01-01 00:25:25,2021-01-01 00:56:51,48,181,
HV0003,B02764,2021-01-01 00:18:01,2021-01-01 00:38:52,74,163,
HV0003,B02764,2021-01-01 00:46:05,2021-01-01 00:56:03,230,237,
HV0003,B02872,2021-01-01 00:10:03,2021-01-01 00:16:12,202,179,
HV0003,B02872,2021-01-01 00:19:38,2021-01-01 00:39:17,179,157,
HV0003,B02872,2021-01-01 00:57:32,2021-01-01 01:08:36,37,36,
HV0003,B02395,2021-01-01 00:39:15,2021-01-01 00:54:19,223,7,
HV0003,B02875,2021-01-01 00:33:25,2021-01-01 01:07:43,33,24,
HV0003,B02879,2021-01-01 00:20:14,2021-01-01 00:31:48,169,168,
HV0003,B02879,2021-01-01 00:43:34,2021-01-01 00:51:23,168,159,
HV0003,B02879,2021-01-01 00:57:11,2021-01-01 01:07:30,168,126,
HV0003,B02866,2021-01-01 00:13:28,2021-01-01 00:31:48,49,37,
HV0003,B02866,2021-01-01 00:33:35,2021-01-01 00:50:00,37,63,
HV0003,B02866,2021-01-01 00:55:44,2021-01-01 01:02:57,76,76,
HV0003,B02877,2021-01-01 00:09:29,2021-01-01 00:28:43,255,36,
HV0003,B02877,2021-01-01 00:33:27,2021-01-01 00:45:59,36,134,
HV0003,B02877,2021-01-01 00:48:52,2021-01-01 01:05:10,134,53,
HV0003,B02617,2021-01-01 00:19:33,2021-01-01 00:31:24,198,80,
HV0003,B02617,2021-01-01 00:57:36,2021-01-01 01:19:49,112,24,
HV0003,B02869,2021-01-01 00:19:05,2021-01-01 00:43:14,7,254,
HV0003,B02869,2021-01-01 00:47:21,2021-01-01 01:02:22,254,243,
HV0005,B02510,2021-01-01 00:16:54,2021-01-01 00:35:21,41,213,
HV0005,B02510,2021-01-01 00:39:09,2021-01-01 00:53:37,213,18,
HV0005,B02510,2021-01-01 00:56:07,2021-01-01 01:09:57,18,247,
HV0003,B02878,2021-01-01 00:08:05,2021-01-01 00:13:35,259,259,
HV0003,B02878,2021-01-01 00:17:25,2021-01-01 00:38:59,259,250,
HV0003,B02878,2021-01-01 00:43:32,2021-01-01 01:02:38,250,151,
HV0003,B02682,2021-01-01 00:23:51,2021-01-01 00:29:10,22,21,
HV0003,B02682,2021-01-01 00:31:28,2021-01-01 00:38:23,21,108,
HV0003,B02682,2021-01-01 00:42:31,2021-01-01 00:57:25,108,155,
HV0003,B02764,2021-01-01 00:06:20,2021-01-01 00:11:32,197,216,
HV0003,B02764,2021-01-01 00:20:20,2021-01-01 00:36:49,216,70,
HV0003,B02764,2021-01-01 00:40:09,2021-01-01 00:47:12,70,82,
HV0003,B02764,2021-01-01 00:50:59,2021-01-01 00:53:56,82,82,
HV0005,B02510,2021-01-01 00:20:26,2021-01-01 00:41:46,166,234,
HV0005,B02510,2021-01-01 00:52:06,2021-01-01 01:09:19,170,129,
HV0005,B02510,2021-01-01 00:11:41,2021-01-01 00:23:35,235,60,
HV0005,B02510,2021-01-01 00:27:25,2021-01-01 00:42:25,167,182,
HV0003,B02888,2021-01-01 00:31:50,2021-01-01 00:45:50,80,145,
HV0003,B02888,2021-01-01 00:49:05,2021-01-01 00:58:39,145,145,
HV0003,B02869,2021-01-01 00:14:31,2021-01-01 00:33:48,97,158,
HV0003,B02869,2021-01-01 00:42:06,2021-01-01 00:59:10,231,40,
HV0005,B02510,2021-01-01 00:25:16,2021-01-01 00:42:39,137,80,
HV0005,B02510,2021-01-01 00:46:56,2021-01-01 01:06:59,80,89,
HV0003,B02882,2021-01-01 00:42:43,2021-01-01 00:58:52,69,213,
HV0003,B02765,2021-01-01 00:15:09,2021-01-01 00:23:06,170,79,
HV0003,B02765,2021-01-01 00:58:37,2021-01-01 01:12:59,137,33,
HV0003,B02617,2021-01-01 00:49:13,2021-01-01 00:55:08,232,45,
HV0003,B02869,2021-01-01 00:11:35,2021-01-01 00:19:09,17,225,
HV0003,B02869,2021-01-01 00:33:18,2021-01-01 00:37:15,61,225,
HV0003,B02869,2021-01-01 00:43:03,2021-01-01 01:01:06,225,76,
HV0003,B02888,2021-01-01 00:26:11,2021-01-01 00:35:51,223,173,
HV0003,B02888,2021-01-01 00:39:31,2021-01-01 00:55:47,173,97,
HV0005,B02510,2021-01-01 00:35:35,2021-01-01 00:48:24,234,68,
HV0005,B02510,2021-01-01 00:50:38,2021-01-01 01:03:50,68,238,
HV0003,B02836,2021-01-01 00:34:26,2021-01-01 00:48:34,161,179,
HV0003,B02836,2021-01-01 00:53:49,2021-01-01 01:13:50,179,243,
HV0005,B02510,2021-01-01 00:12:29,2021-01-01 00:34:58,77,157,
HV0005,B02510,2021-01-01 00:42:02,2021-01-01 00:51:18,157,260,
HV0005,B02510,2021-01-01 00:52:38,2021-01-01 01:06:15,260,112,
HV0005,B02510,2021-01-01 00:44:46,2021-01-01 00:54:21,79,232,
HV0005,B02510,2021-01-01 00:26:42,2021-01-01 00:31:08,28,130,
HV0005,B02510,2021-01-01 00:33:19,2021-01-01 01:00:28,215,265,
HV0005,B02510,2021-01-01 00:17:27,2021-01-01 00:31:31,75,243,
HV0005,B02510,2021-01-01 00:34:35,2021-01-01 00:42:25,243,152,
HV0005,B02510,2021-01-01 00:45:45,2021-01-01 01:10:24,152,69,
HV0003,B02869,2021-01-01 00:24:42,2021-01-01 00:48:16,125,37,
HV0003,B02869,2021-01-01 00:50:13,2021-01-01 00:53:34,37,36,
HV0003,B02835,2021-01-01 00:46:44,2021-01-01 01:03:49,143,224,
HV0003,B02884,2021-01-01 00:12:13,2021-01-01 00:23:37,244,235,
HV0003,B02884,2021-01-01 00:27:35,2021-01-01 00:35:36,235,235,
HV0003,B02884,2021-01-01 00:40:46,2021-01-01 01:08:08,235,129,
HV0003,B02879,2021-01-01 00:20:49,2021-01-01 00:28:48,223,7,
HV0005,B02510,2021-01-01 00:15:28,2021-01-01 00:21:12,231,33,
HV0003,B02878,2021-01-01 00:28:24,2021-01-01 00:57:02,33,231,
HV0005,B02510,2021-01-01 00:25:08,2021-01-01 00:36:39,226,157,
HV0005,B02510,2021-01-01 00:42:54,2021-01-01 01:03:29,157,25,
HV0003,B02836,2021-01-01 00:29:21,2021-01-01 00:39:07,129,173,
HV0003,B02836,2021-01-01 00:45:24,2021-01-01 00:55:42,70,92,
HV0005,B02510,2021-01-01 00:37:33,2021-01-01 00:50:34,61,77,
HV0005,B02510,2021-01-01 00:53:59,2021-01-01 01:04:54,76,35,
HV0005,B02510,2021-01-01 00:28:21,2021-01-01 00:41:30,90,50,
HV0003,B02764,2021-01-01 00:43:37,2021-01-01 00:49:32,17,61,
HV0003,B02764,2021-01-01 00:55:03,2021-01-01 01:12:41,61,177,
HV0005,B02510,2021-01-01 00:56:07,2021-01-01 01:21:06,249,7,
HV0003,B02878,2021-01-01 00:00:50,2021-01-01 00:13:16,49,37,
HV0003,B02878,2021-01-01 00:19:08,2021-01-01 00:40:19,37,234,
HV0003,B02764,2021-01-01 00:12:47,2021-01-01 00:38:06,35,225,
HV0003,B02764,2021-01-01 00:41:54,2021-01-01 00:51:39,225,36,
HV0003,B02764,2021-01-01 00:54:01,2021-01-01 01:20:22,36,129,
HV0003,B02512,2021-01-01 00:25:22,2021-01-01 00:42:22,170,230,
HV0003,B02888,2021-01-01 00:19:37,2021-01-01 00:29:11,125,170,
HV0003,B02888,2021-01-01 00:36:03,2021-01-01 00:42:18,107,113,
HV0003,B02888,2021-01-01 00:49:31,2021-01-01 00:54:50,113,90,
HV0003,B02888,2021-01-01 00:14:51,2021-01-01 00:31:44,4,42,
HV0003,B02888,2021-01-01 00:35:39,2021-01-01 00:40:21,42,42,
HV0003,B02882,2021-01-01 00:23:12,2021-01-01 00:46:01,256,150,
HV0003,B02617,2021-01-01 00:12:00,2021-01-01 00:21:49,82,56,
HV0003,B02617,2021-01-01 00:27:12,2021-01-01 00:30:48,56,56,
HV0003,B02864,2021-01-01 00:04:13,2021-01-01 00:25:11,107,230,
HV0003,B02864,2021-01-01 00:57:06,2021-01-01 01:18:02,239,33,
HV0003,B02765,2021-01-01 00:05:09,2021-01-01 00:11:48,244,243,
HV0003,B02765,2021-01-01 00:17:27,2021-01-01 00:33:39,243,168,
HV0003,B02765,2021-01-01 00:38:14,2021-01-01 00:54:23,168,208,
HV0003,B02765,2021-01-01 00:58:50,2021-01-01 01:10:49,208,242,
HV0003,B02869,2021-01-01 00:08:37,2021-01-01 00:19:22,144,137,
HV0003,B02869,2021-01-01 00:43:25,2021-01-01 00:50:34,80,112,
HV0003,B02765,2021-01-01 00:22:44,2021-01-01 00:45:05,166,213,
HV0003,B02765,2021-01-01 00:49:32,2021-01-01 01:11:46,213,247,
HV0003,B02882,2021-01-01 00:13:04,2021-01-01 00:26:40,141,68,
HV0003,B02882,2021-01-01 00:34:49,2021-01-01 00:50:19,68,114,
HV0005,B02510,2021-01-01 00:13:56,2021-01-01 00:17:17,91,39,
HV0005,B02510,2021-01-01 00:20:53,2021-01-01 00:34:25,39,177,
HV0005,B02510,2021-01-01 00:45:40,2021-01-01 00:56:12,77,35,
HV0005,B02510,2021-01-01 00:58:29,2021-01-01 01:10:01,35,39,
HV0003,B02871,2021-01-01 00:27:51,2021-01-01 00:41:59,151,75,
HV0003,B02871,2021-01-01 00:44:12,2021-01-01 01:03:04,75,56,
HV0003,B02872,2021-01-01 00:34:10,2021-01-01 01:03:48,75,37,
HV0003,B02875,2021-01-01 00:37:04,2021-01-01 00:46:25,113,224,
HV0003,B02875,2021-01-01 00:57:44,2021-01-01 01:05:58,79,249,
HV0003,B02875,2021-01-01 00:04:18,2021-01-01 00:10:13,179,7,
HV0003,B02875,2021-01-01 00:37:12,2021-01-01 00:45:17,7,223,
HV0003,B02875,2021-01-01 00:49:05,2021-01-01 01:04:00,179,263,
HV0003,B02764,2021-01-01 00:16:21,2021-01-01 00:28:03,129,226,
HV0003,B02764,2021-01-01 00:32:01,2021-01-01 00:45:43,226,95,
HV0003,B02764,2021-01-01 00:50:53,2021-01-01 00:57:54,95,135,
HV0003,B02764,2021-01-01 00:11:03,2021-01-01 00:24:34,124,63,
HV0003,B02764,2021-01-01 00:37:00,2021-01-01 01:04:37,258,130,
HV0003,B02682,2021-01-01 00:20:45,2021-01-01 00:32:47,256,4,
HV0003,B02682,2021-01-01 00:42:57,2021-01-01 00:58:01,79,255,
HV0003,B02682,2021-01-01 00:59:49,2021-01-01 01:12:03,255,137,
HV0003,B02764,2021-01-01 00:05:02,2021-01-01 00:20:06,263,87,
HV0003,B02764,2021-01-01 00:24:21,2021-01-01 00:33:01,87,158,
HV0003,B02764,2021-01-01 00:36:14,2021-01-01 00:43:55,90,114,
HV0003,B02764,2021-01-01 00:55:00,2021-01-01 01:03:33,170,79,
HV0005,B02510,2021-01-01 00:16:01,2021-01-01 00:20:15,95,134,
HV0005,B02510,2021-01-01 00:26:24,2021-01-01 00:40:20,28,53,
HV0005,B02510,2021-01-01 00:42:36,2021-01-01 00:57:27,53,197,
HV0005,B02510,2021-01-01 00:19:53,2021-01-01 00:26:26,69,69,
HV0005,B02510,2021-01-01 00:37:38,2021-01-01 00:56:55,235,152,
HV0005,B02510,2021-01-01 00:59:39,2021-01-01 01:22:42,166,249,
HV0003,B02866,2021-01-01 00:26:45,2021-01-01 00:53:05,234,265,
HV0003,B02764,2021-01-01 00:32:18,2021-01-01 01:27:37,165,265,
HV0003,B02872,2021-01-01 00:06:29,2021-01-01 00:32:43,37,39,
HV0003,B02872,2021-01-01 00:43:38,2021-01-01 00:55:30,35,222,
HV0005,B02510,2021-01-01 00:08:27,2021-01-01 00:12:36,82,82,
HV0005,B02510,2021-01-01 00:20:30,2021-01-01 00:34:34,260,198,
HV0005,B02510,2021-01-01 00:37:41,2021-01-01 00:47:47,198,258,
HV0005,B02510,2021-01-01 00:50:40,2021-01-01 01:04:25,258,124,
HV0003,B02872,2021-01-01 00:24:48,2021-01-01 00:35:05,181,61,
HV0003,B02872,2021-01-01 00:53:29,2021-01-01 00:57:53,49,49,
HV0003,B02872,2021-01-01 00:59:04,2021-01-01 01:09:06,49,177,
HV0003,B02867,2021-01-01 00:23:50,2021-01-01 00:57:53,231,265,
HV0003,B02617,2021-01-01 00:42:12,2021-01-01 00:46:19,75,168,
HV0003,B02617,2021-01-01 00:48:15,2021-01-01 00:56:18,168,41,
HV0003,B02617,2021-01-01 00:57:12,2021-01-01 01:11:23,75,179,
HV0003,B02877,2021-01-01 00:11:50,2021-01-01 00:24:14,95,130,
HV0003,B02877,2021-01-01 00:25:39,2021-01-01 00:41:59,130,216,
HV0003,B02682,2021-01-01 00:14:23,2021-01-01 00:30:30,112,7,
HV0003,B02682,2021-01-01 00:34:42,2021-01-01 01:09:45,7,265,
HV0005,B02510,2021-01-01 00:09:57,2021-01-01 00:22:54,230,238,
HV0005,B02510,2021-01-01 00:31:27,2021-01-01 00:38:26,238,75,
HV0005,B02510,2021-01-01 00:44:29,2021-01-01 01:09:23,75,183,
HV0003,B02836,2021-01-01 00:28:13,2021-01-01 00:46:20,22,181,
HV0003,B02836,2021-01-01 00:59:41,2021-01-01 01:08:01,178,133,
HV0005,B02510,2021-01-01 00:25:16,2021-01-01 00:44:07,161,223,
HV0005,B02510,2021-01-01 00:57:47,2021-01-01 01:09:47,223,7,
HV0005,B02510,2021-01-01 00:23:57,2021-01-01 00:35:25,19,265,
HV0005,B02510,2021-01-01 00:44:04,2021-01-01 00:53:04,38,122,
HV0005,B02510,2021-01-01 00:57:19,2021-01-01 01:01:06,122,191,
HV0005,B02510,2021-01-01 00:46:58,2021-01-01 01:10:19,61,61,
HV0003,B02764,2021-01-01 00:19:13,2021-01-01 00:25:59,61,177,
HV0003,B02835,2021-01-01 00:05:24,2021-01-01 00:10:46,26,227,
HV0003,B02835,2021-01-01 00:15:34,2021-01-01 00:22:31,228,228,
HV0003,B02835,2021-01-01 00:29:52,2021-01-01 00:35:38,228,227,
HV0003,B02835,2021-01-01 00:39:00,2021-01-01 01:02:22,227,187,
HV0003,B02871,2021-01-01 00:23:44,2021-01-01 00:37:38,144,236,
HV0003,B02871,2021-01-01 00:42:21,2021-01-01 00:48:28,236,140,
HV0005,B02510,2021-01-01 00:52:35,2021-01-01 00:58:36,89,89,
HV0003,B02872,2021-01-01 00:14:07,2021-01-01 00:18:26,39,39,
HV0003,B02872,2021-01-01 00:20:06,2021-01-01 00:42:10,39,89,
HV0005,B02510,2021-01-01 00:16:15,2021-01-01 00:23:53,129,129,
HV0005,B02510,2021-01-01 00:30:50,2021-01-01 00:38:44,129,82,
HV0005,B02510,2021-01-01 00:42:18,2021-01-01 00:52:33,82,82,
HV0005,B02510,2021-01-01 00:58:03,2021-01-01 01:19:10,82,17,
HV0005,B02510,2021-01-01 00:03:29,2021-01-01 00:23:40,77,61,
HV0005,B02510,2021-01-01 00:29:03,2021-01-01 00:34:35,61,188,
HV0005,B02510,2021-01-01 00:42:58,2021-01-01 00:47:10,61,189,
HV0005,B02510,2021-01-01 00:51:24,2021-01-01 00:58:54,181,61,
HV0003,B02875,2021-01-01 00:21:15,2021-01-01 00:33:07,243,116,
HV0003,B02875,2021-01-01 00:40:10,2021-01-01 00:53:40,116,168,
HV0005,B02510,2021-01-01 00:05:57,2021-01-01 00:14:45,188,61,
HV0005,B02510,2021-01-01 00:27:51,2021-01-01 00:42:55,17,177,
HV0005,B02510,2021-01-01 00:48:01,2021-01-01 00:55:20,37,37,
HV0003,B02871,2021-01-01 00:11:59,2021-01-01 00:35:21,61,249,
HV0003,B02871,2021-01-01 00:45:04,2021-01-01 01:15:58,231,166,
HV0003,B02764,2021-01-01 00:43:06,2021-01-01 00:53:35,121,16,
HV0003,B02877,2021-01-01 00:26:00,2021-01-01 00:31:38,41,24,
HV0003,B02877,2021-01-01 00:35:15,2021-01-01 00:47:22,24,141,
HV0003,B02877,2021-01-01 00:52:11,2021-01-01 01:05:26,141,79,
HV0003,B02869,2021-01-01 00:59:52,2021-01-01 01:13:32,6,206,
HV0003,B02871,2021-01-01 00:13:32,2021-01-01 00:26:30,188,133,
HV0003,B02871,2021-01-01 00:41:05,2021-01-01 00:47:00,188,89,
HV0003,B02871,2021-01-01 00:50:57,2021-01-01 01:17:58,89,35,
HV0003,B02764,2021-01-01 00:52:48,2021-01-01 01:02:17,186,144,
HV0003,B02682,2021-01-01 00:58:28,2021-01-01 01:03:57,148,249,
HV0005,B02510,2021-01-01 00:21:03,2021-01-01 00:26:04,36,80,
HV0005,B02510,2021-01-01 00:30:09,2021-01-01 01:22:02,37,76,
HV0003,B02865,2021-01-01 00:13:35,2021-01-01 00:22:31,218,215,
HV0003,B02865,2021-01-01 00:25:17,2021-01-01 00:33:53,215,130,
HV0003,B02865,2021-01-01 00:38:53,2021-01-01 00:48:31,131,28,
HV0003,B02865,2021-01-01 00:49:58,2021-01-01 01:16:27,28,181,
HV0005,B02510,2021-01-01 00:23:16,2021-01-01 00:37:03,36,37,
HV0005,B02510,2021-01-01 00:51:46,2021-01-01 01:03:34,258,180,
HV0003,B02617,2021-01-01 00:17:46,2021-01-01 00:35:54,25,36,
HV0003,B02617,2021-01-01 00:39:17,2021-01-01 00:41:44,36,198,
HV0003,B02617,2021-01-01 00:46:05,2021-01-01 01:03:30,36,62,
HV0003,B02866,2021-01-01 00:53:08,2021-01-01 01:13:54,170,198,
HV0003,B02864,2021-01-01 00:57:49,2021-01-01 01:42:56,211,265,
HV0005,B02510,2021-01-01 00:51:27,2021-01-01 01:16:25,90,129,
HV0003,B02866,2021-01-01 00:50:47,2021-01-01 01:13:50,79,61,
HV0003,B02682,2021-01-01 00:21:31,2021-01-01 00:31:04,69,244,
HV0003,B02682,2021-01-01 00:36:45,2021-01-01 00:52:34,244,182,
HV0003,B02682,2021-01-01 00:54:02,2021-01-01 01:06:18,182,240,
HV0005,B02510,2021-01-01 00:25:05,2021-01-01 00:38:27,130,215,
HV0005,B02510,2021-01-01 00:42:12,2021-01-01 00:50:34,215,218,
HV0005,B02510,2021-01-01 00:55:21,2021-01-01 01:03:35,219,216,
HV0005,B02510,2021-01-01 00:24:22,2021-01-01 00:35:37,11,14,
HV0005,B02510,2021-01-01 00:38:19,2021-01-01 00:49:44,14,133,
HV0005,B02510,2021-01-01 00:54:26,2021-01-01 01:09:45,257,181,
HV0005,B02510,2021-01-01 00:16:15,2021-01-01 00:31:11,112,263,
HV0005,B02510,2021-01-01 00:36:16,2021-01-01 00:49:06,262,167,
HV0005,B02510,2021-01-01 00:51:26,2021-01-01 01:01:40,167,247,
HV0003,B02882,2021-01-01 00:57:52,2021-01-01 01:25:56,7,241,
HV0003,B02872,2021-01-01 00:15:05,2021-01-01 00:34:52,100,265,
HV0005,B02510,2021-01-01 00:27:51,2021-01-01 00:51:58,87,71,
HV0003,B02764,2021-01-01 00:50:38,2021-01-01 01:00:10,215,216,
HV0003,B02872,2021-01-01 00:28:22,2021-01-01 00:35:17,191,205,
HV0003,B02872,2021-01-01 00:39:03,2021-01-01 00:50:56,191,131,
HV0003,B02872,2021-01-01 00:52:49,2021-01-01 01:00:37,130,205,
HV0003,B02872,2021-01-01 00:11:59,2021-01-01 00:30:14,145,129,
HV0003,B02872,2021-01-01 00:33:32,2021-01-01 00:43:13,129,82,
HV0003,B02764,2021-01-01 00:17:29,2021-01-01 00:32:53,37,72,
HV0003,B02764,2021-01-01 00:37:36,2021-01-01 01:11:45,72,226,
HV0003,B02617,2021-01-01 00:18:21,2021-01-01 00:33:23,92,145,
HV0003,B02617,2021-01-01 00:42:37,2021-01-01 00:56:26,145,263,
HV0003,B02878,2021-01-01 00:09:52,2021-01-01 00:24:02,78,18,
HV0003,B02878,2021-01-01 00:25:49,2021-01-01 00:35:21,241,220,
HV0003,B02878,2021-01-01 00:38:21,2021-01-01 00:50:00,220,169,
HV0003,B02878,2021-01-01 00:53:00,2021-01-01 01:04:44,169,243,
HV0003,B02682,2021-01-01 00:08:12,2021-01-01 00:11:55,254,254,
HV0003,B02682,2021-01-01 00:18:17,2021-01-01 00:26:43,32,174,
HV0003,B02682,2021-01-01 00:36:46,2021-01-01 00:44:13,200,220,
HV0003,B02682,2021-01-01 00:45:35,2021-01-01 01:01:15,220,119,
HV0003,B02765,2021-01-01 00:16:53,2021-01-01 00:38:16,61,106,
HV0003,B02765,2021-01-01 00:44:17,2021-01-01 01:01:02,25,177,
HV0005,B02510,2021-01-01 00:54:24,2021-01-01 01:07:38,230,140,
HV0003,B02877,2021-01-01 00:11:07,2021-01-01 00:22:21,80,66,
HV0003,B02877,2021-01-01 00:36:27,2021-01-01 00:57:39,66,121,
HV0005,B02510,2021-01-01 00:40:26,2021-01-01 01:04:53,19,145,
HV0003,B02883,2021-01-01 00:22:35,2021-01-01 00:33:01,48,263,
HV0003,B02883,2021-01-01 00:38:26,2021-01-01 00:41:21,263,263,
HV0003,B02883,2021-01-01 00:44:41,2021-01-01 00:53:12,262,74,
HV0003,B02872,2021-01-01 00:30:37,2021-01-01 00:49:09,145,209,
HV0003,B02836,2021-01-01 00:16:38,2021-01-01 00:34:25,179,141,
HV0003,B02836,2021-01-01 00:37:08,2021-01-01 00:54:15,140,48,
HV0003,B02888,2021-01-01 00:24:46,2021-01-01 00:29:13,226,226,
HV0003,B02836,2021-01-01 00:07:44,2021-01-01 00:16:59,243,200,
HV0003,B02836,2021-01-01 00:20:29,2021-01-01 00:30:51,200,169,
HV0003,B02836,2021-01-01 00:33:43,2021-01-01 00:58:03,169,69,
HV0005,B02510,2021-01-01 00:19:25,2021-01-01 00:29:59,238,239,
HV0005,B02510,2021-01-01 00:44:37,2021-01-01 01:07:22,24,213,
HV0003,B02869,2021-01-01 00:16:28,2021-01-01 00:38:33,142,129,
HV0003,B02869,2021-01-01 00:42:51,2021-01-01 00:49:47,129,82,
HV0003,B02869,2021-01-01 00:54:38,2021-01-01 01:22:25,82,18,
HV0003,B02872,2021-01-01 00:04:47,2021-01-01 00:16:43,212,174,
HV0003,B02872,2021-01-01 00:17:59,2021-01-01 00:41:19,174,173,
HV0003,B02872,2021-01-01 00:45:41,2021-01-01 00:55:02,173,196,
HV0003,B02872,2021-01-01 00:00:19,2021-01-01 00:25:42,100,148,
HV0003,B02764,2021-01-01 00:54:46,2021-01-01 01:11:00,170,95,
HV0005,B02510,2021-01-01 00:50:53,2021-01-01 01:08:42,186,88,
HV0005,B02510,2021-01-01 00:37:09,2021-01-01 00:53:45,80,61,
HV0005,B02510,2021-01-01 00:55:49,2021-01-01 01:03:56,61,188,
HV0003,B02872,2021-01-01 00:34:00,2021-01-01 00:55:02,179,244,
HV0003,B02872,2021-01-01 00:56:59,2021-01-01 01:09:46,244,116,
HV0003,B02682,2021-01-01 00:14:39,2021-01-01 00:21:13,185,242,
HV0003,B02682,2021-01-01 00:25:59,2021-01-01 00:32:32,242,248,
HV0003,B02682,2021-01-01 00:44:56,2021-01-01 00:54:19,250,59,
HV0003,B02682,2021-01-01 00:55:13,2021-01-01 01:04:15,60,126,
HV0003,B02882,2021-01-01 00:50:50,2021-01-01 01:01:44,75,147,
HV0003,B02872,2021-01-01 00:20:34,2021-01-01 00:28:27,197,216,
HV0003,B02872,2021-01-01 00:36:17,2021-01-01 00:52:14,124,134,
HV0003,B02875,2021-01-01 00:16:50,2021-01-01 00:29:06,238,263,
HV0003,B02875,2021-01-01 00:35:27,2021-01-01 00:43:19,263,236,
HV0003,B02875,2021-01-01 00:49:29,2021-01-01 00:57:38,236,142,
HV0005,B02510,2021-01-01 00:19:16,2021-01-01 00:40:53,255,190,
HV0005,B02510,2021-01-01 00:47:14,2021-01-01 00:58:52,189,17,
HV0003,B02835,2021-01-01 00:07:04,2021-01-01 00:16:10,185,169,
HV0003,B02835,2021-01-01 00:18:52,2021-01-01 00:32:02,169,208,
HV0003,B02835,2021-01-01 00:34:20,2021-01-01 00:47:16,208,212,
HV0003,B02835,2021-01-01 00:55:08,2021-01-01 01:03:55,213,182,
HV0003,B02764,2021-01-01 00:06:55,2021-01-01 00:28:31,55,39,
HV0003,B02764,2021-01-01 00:34:16,2021-01-01 00:43:32,76,76,
HV0003,B02764,2021-01-01 00:55:08,2021-01-01 01:19:14,76,89,
HV0005,B02510,2021-01-01 00:38:08,2021-01-01 01:07:35,236,135,
HV0005,B02510,2021-01-01 00:29:39,2021-01-01 00:51:44,261,143,
HV0003,B02872,2021-01-01 00:46:28,2021-01-01 00:57:16,79,236,
HV0005,B02510,2021-01-01 00:28:21,2021-01-01 00:32:56,146,193,
HV0005,B02510,2021-01-01 00:42:56,2021-01-01 01:00:24,179,37,
HV0005,B02510,2021-01-01 00:23:54,2021-01-01 00:34:41,24,238,
HV0005,B02510,2021-01-01 00:41:12,2021-01-01 00:55:28,239,42,
HV0005,B02510,2021-01-01 00:56:36,2021-01-01 01:08:21,42,74,
HV0003,B02836,2021-01-01 00:13:32,2021-01-01 00:20:57,112,112,
HV0003,B02836,2021-01-01 00:24:33,2021-01-01 00:30:59,112,112,
HV0003,B02764,2021-01-01 00:08:59,2021-01-01 00:14:09,142,48,
HV0003,B02872,2021-01-01 00:52:18,2021-01-01 01:03:29,75,229,
HV0003,B02764,2021-01-01 00:23:37,2021-01-01 00:37:55,41,243,
HV0003,B02764,2021-01-01 00:40:32,2021-01-01 00:47:16,243,244,
HV0003,B02764,2021-01-01 00:52:54,2021-01-01 01:09:47,235,18,
HV0003,B02872,2021-01-01 00:31:30,2021-01-01 00:41:38,48,229,
HV0005,B02510,2021-01-01 00:09:43,2021-01-01 00:33:27,112,151,
HV0005,B02510,2021-01-01 00:36:29,2021-01-01 01:04:15,238,82,
HV0003,B02869,2021-01-01 00:18:37,2021-01-01 00:34:43,255,95,
HV0003,B02869,2021-01-01 00:38:02,2021-01-01 00:45:53,95,95,
HV0003,B02869,2021-01-01 00:57:32,2021-01-01 01:24:26,102,260,
HV0005,B02510,2021-01-01 00:38:41,2021-01-01 00:51:48,163,164,
HV0005,B02510,2021-01-01 00:55:46,2021-01-01 01:18:58,164,42,
HV0005,B02510,2021-01-01 00:00:38,2021-01-01 00:04:36,61,177,
HV0005,B02510,2021-01-01 00:12:10,2021-01-01 00:20:19,35,35,
HV0005,B02510,2021-01-01 00:26:19,2021-01-01 00:37:51,35,222,
HV0005,B02510,2021-01-01 00:45:22,2021-01-01 00:50:52,39,76,
HV0005,B02510,2021-01-01 00:54:07,2021-01-01 01:14:10,76,218,
HV0003,B02765,2021-01-01 00:12:30,2021-01-01 00:42:49,79,225,
HV0003,B02765,2021-01-01 00:44:21,2021-01-01 01:08:03,177,255,
HV0003,B02836,2021-01-01 00:11:24,2021-01-01 00:34:46,79,225,
HV0003,B02836,2021-01-01 00:37:48,2021-01-01 00:52:54,225,177,
HV0003,B02836,2021-01-01 00:56:35,2021-01-01 01:09:10,177,35,
HV0003,B02836,2021-01-01 00:09:23,2021-01-01 00:18:58,37,198,
HV0003,B02836,2021-01-01 00:21:36,2021-01-01 00:57:16,198,187,
HV0005,B02510,2021-01-01 00:51:44,2021-01-01 01:10:24,158,236,
HV0003,B02765,2021-01-01 00:02:14,2021-01-01 00:19:44,261,230,
HV0003,B02888,2021-01-01 00:19:42,2021-01-01 00:35:44,13,80,
HV0003,B02888,2021-01-01 00:39:41,2021-01-01 01:01:14,80,72,
HV0003,B02869,2021-01-01 00:14:43,2021-01-01 00:25:06,141,79,
HV0003,B02869,2021-01-01 00:38:29,2021-01-01 00:50:53,170,211,
HV0003,B02869,2021-01-01 00:56:23,2021-01-01 01:16:41,249,14,
HV0005,B02510,2021-01-01 00:22:16,2021-01-01 00:29:09,262,263,
HV0005,B02510,2021-01-01 00:32:24,2021-01-01 00:47:59,263,79,
HV0005,B02510,2021-01-01 00:56:47,2021-01-01 01:10:37,107,162,
HV0003,B02764,2021-01-01 00:23:09,2021-01-01 00:42:26,125,48,
HV0003,B02884,2021-01-01 00:27:04,2021-01-01 00:36:33,232,79,
HV0003,B02884,2021-01-01 00:42:57,2021-01-01 01:03:58,137,9,
HV0003,B02883,2021-01-01 00:33:47,2021-01-01 00:42:52,255,80,
HV0003,B02883,2021-01-01 00:49:27,2021-01-01 01:08:01,37,188,
HV0003,B02682,2021-01-01 00:42:25,2021-01-01 01:14:48,37,42,
HV0003,B02872,2021-01-01 00:31:48,2021-01-01 00:43:20,133,89,
HV0003,B02872,2021-01-01 00:48:23,2021-01-01 00:58:11,89,133,
HV0003,B02875,2021-01-01 00:11:37,2021-01-01 00:30:06,166,141,
HV0003,B02875,2021-01-01 00:34:58,2021-01-01 00:41:39,237,263,
HV0003,B02875,2021-01-01 00:45:15,2021-01-01 00:54:31,263,137,
HV0003,B02875,2021-01-01 00:57:25,2021-01-01 01:00:22,170,164,
HV0003,B02765,2021-01-01 00:20:03,2021-01-01 00:43:27,249,41,
HV0003,B02765,2021-01-01 00:46:48,2021-01-01 00:51:35,41,74,
HV0005,B02510,2021-01-01 00:31:40,2021-01-01 00:50:32,48,265,
HV0003,B02835,2021-01-01 00:11:28,2021-01-01 00:24:21,26,181,
HV0003,B02835,2021-01-01 00:30:53,2021-01-01 00:42:40,181,133,
HV0003,B02835,2021-01-01 00:50:41,2021-01-01 01:06:27,178,108,
HV0003,B02882,2021-01-01 00:43:06,2021-01-01 01:04:07,107,158,
HV0003,B02876,2021-01-01 00:58:20,2021-01-01 01:09:05,79,211,
HV0003,B02871,2021-01-01 00:08:51,2021-01-01 00:16:31,229,161,
HV0003,B02871,2021-01-01 00:36:51,2021-01-01 00:48:22,137,263,
HV0003,B02888,2021-01-01 00:16:45,2021-01-01 00:30:16,263,7,
HV0003,B02888,2021-01-01 00:49:12,2021-01-01 01:06:17,141,231,
HV0003,B02871,2021-01-01 00:23:28,2021-01-01 00:30:26,230,48,
HV0003,B02871,2021-01-01 00:44:38,2021-01-01 00:52:58,68,224,
HV0005,B02510,2021-01-01 00:00:57,2021-01-01 00:17:45,94,166,
HV0003,B02835,2021-01-01 00:26:29,2021-01-01 00:40:08,42,168,
HV0003,B02835,2021-01-01 00:44:40,2021-01-01 00:49:35,168,168,
HV0003,B02835,2021-01-01 00:55:31,2021-01-01 01:07:11,168,69,
HV0003,B02836,2021-01-01 00:10:58,2021-01-01 00:25:07,134,95,
HV0003,B02836,2021-01-01 00:34:24,2021-01-01 00:44:43,95,135,
HV0003,B02836,2021-01-01 00:51:39,2021-01-01 00:57:22,28,121,
HV0003,B02764,2021-01-01 00:31:16,2021-01-01 00:37:41,76,39,
HV0003,B02764,2021-01-01 00:45:54,2021-01-01 01:00:23,39,76,
HV0003,B02835,2021-01-01 00:08:10,2021-01-01 00:20:26,119,159,
HV0003,B02835,2021-01-01 00:23:44,2021-01-01 00:30:26,167,78,
HV0003,B02835,2021-01-01 00:35:46,2021-01-01 00:58:40,78,235,
HV0003,B02866,2021-01-01 00:17:13,2021-01-01 00:45:04,126,265,
HV0005,B02510,2021-01-01 00:53:54,2021-01-01 00:59:03,76,77,
HV0003,B02765,2021-01-01 00:08:45,2021-01-01 00:48:43,161,76,
HV0005,B02510,2021-01-01 00:31:17,2021-01-01 00:42:18,142,107,
HV0005,B02510,2021-01-01 00:49:19,2021-01-01 01:08:27,224,246,
HV0003,B02835,2021-01-01 00:07:08,2021-01-01 00:18:16,20,78,
HV0003,B02835,2021-01-01 00:21:54,2021-01-01 00:36:02,31,119,
HV0003,B02682,2021-01-01 00:01:24,2021-01-01 00:08:00,144,211,
HV0003,B02682,2021-01-01 00:39:40,2021-01-01 00:49:33,142,236,
HV0003,B02682,2021-01-01 00:51:52,2021-01-01 00:58:56,236,142,
HV0005,B02510,2021-01-01 00:18:54,2021-01-01 00:33:02,211,50,
HV0005,B02510,2021-01-01 00:36:27,2021-01-01 00:41:06,246,48,
HV0005,B02510,2021-01-01 00:45:08,2021-01-01 01:09:14,230,116,
HV0003,B02682,2021-01-01 00:33:59,2021-01-01 01:02:37,125,64,
HV0005,B02510,2021-01-01 00:46:44,2021-01-01 00:57:52,74,244,
HV0005,B02510,2021-01-01 00:12:32,2021-01-01 00:42:10,164,265,
HV0005,B02510,2021-01-01 00:54:55,2021-01-01 01:05:41,259,81,
HV0003,B02866,2021-01-01 00:13:15,2021-01-01 00:23:03,177,37,
HV0003,B02866,2021-01-01 00:25:04,2021-01-01 00:49:09,37,261,
HV0003,B02866,2021-01-01 00:54:35,2021-01-01 01:03:57,87,25,
HV0003,B02871,2021-01-01 00:51:12,2021-01-01 00:59:12,79,148,
HV0005,B02510,2021-01-01 00:00:23,2021-01-01 00:12:05,39,35,
HV0005,B02510,2021-01-01 00:38:33,2021-01-01 00:51:10,62,257,
HV0003,B02765,2021-01-01 00:16:03,2021-01-01 00:31:46,35,188,
HV0003,B02765,2021-01-01 00:56:11,2021-01-01 01:19:07,257,163,
HV0005,B02510,2021-01-01 00:17:39,2021-01-01 00:37:44,261,80,
HV0005,B02510,2021-01-01 00:43:31,2021-01-01 01:05:17,37,35,
HV0003,B02872,2021-01-01 00:32:35,2021-01-01 00:40:04,259,254,
HV0003,B02872,2021-01-01 00:45:44,2021-01-01 01:00:41,254,94,
HV0005,B02510,2021-01-01 00:42:13,2021-01-01 00:57:02,151,68,
HV0003,B02866,2021-01-01 00:23:39,2021-01-01 00:40:02,70,102,
HV0003,B02866,2021-01-01 00:44:52,2021-01-01 00:49:45,102,102,
HV0003,B02866,2021-01-01 00:52:51,2021-01-01 00:57:04,102,198,
HV0003,B02682,2021-01-01 00:25:28,2021-01-01 00:51:21,176,44,
HV0003,B02836,2021-01-01 00:19:08,2021-01-01 00:30:35,216,265,
HV0005,B02510,2021-01-01 00:20:41,2021-01-01 00:29:15,237,142,
HV0005,B02510,2021-01-01 00:34:55,2021-01-01 00:46:21,239,24,
HV0005,B02510,2021-01-01 00:49:15,2021-01-01 00:58:01,166,238,
HV0005,B02510,2021-01-01 00:20:44,2021-01-01 00:31:57,241,174,
HV0005,B02510,2021-01-01 00:40:23,2021-01-01 00:56:20,18,60,
HV0005,B02510,2021-01-01 00:20:23,2021-01-01 00:35:27,225,61,
HV0005,B02510,2021-01-01 00:53:52,2021-01-01 00:57:16,225,225,
HV0003,B02884,2021-01-01 00:23:35,2021-01-01 00:57:50,53,50,
HV0005,B02510,2021-01-01 00:16:30,2021-01-01 00:28:18,82,56,
HV0005,B02510,2021-01-01 00:31:56,2021-01-01 00:37:10,56,56,
HV0005,B02510,2021-01-01 00:41:15,2021-01-01 01:01:09,82,122,
HV0003,B02872,2021-01-01 00:08:16,2021-01-01 00:19:15,89,188,
HV0003,B02872,2021-01-01 00:24:16,2021-01-01 00:46:21,188,76,
HV0003,B02872,2021-01-01 00:58:49,2021-01-01 01:12:55,63,28,
HV0003,B02878,2021-01-01 00:07:37,2021-01-01 00:27:25,113,244,
HV0003,B02878,2021-01-01 00:32:39,2021-01-01 00:52:56,243,265,
HV0005,B02510,2021-01-01 00:36:25,2021-01-01 00:42:03,233,140,
HV0005,B02510,2021-01-01 00:46:50,2021-01-01 00:53:00,141,140,
HV0005,B02510,2021-01-01 00:56:57,2021-01-01 01:21:57,140,173,
HV0003,B02764,2021-01-01 00:05:44,2021-01-01 00:17:37,173,226,
HV0003,B02764,2021-01-01 00:28:46,2021-01-01 00:43:46,260,191,
HV0003,B02764,2021-01-01 00:49:14,2021-01-01 01:04:38,191,215,
HV0003,B02764,2021-01-01 00:21:24,2021-01-01 00:30:06,234,211,
HV0003,B02764,2021-01-01 00:35:20,2021-01-01 00:58:33,211,223,
HV0003,B02764,2021-01-01 00:15:01,2021-01-01 00:24:45,165,22,
HV0003,B02764,2021-01-01 00:29:36,2021-01-01 01:04:01,22,160,
HV0003,B02765,2021-01-01 00:21:07,2021-01-01 00:34:51,47,242,
HV0003,B02765,2021-01-01 00:36:47,2021-01-01 00:50:05,242,18,
HV0003,B02765,2021-01-01 00:55:22,2021-01-01 01:05:54,241,32,
HV0003,B02764,2021-01-01 00:20:44,2021-01-01 00:30:32,167,213,
HV0003,B02764,2021-01-01 00:38:56,2021-01-01 00:51:09,250,47,
HV0003,B02764,2021-01-01 00:57:23,2021-01-01 01:11:44,47,127,
HV0005,B02510,2021-01-01 00:09:32,2021-01-01 00:17:57,20,78,
HV0005,B02510,2021-01-01 00:22:42,2021-01-01 00:35:01,20,18,
HV0005,B02510,2021-01-01 00:43:32,2021-01-01 00:53:10,220,18,
HV0003,B02888,2021-01-01 00:12:09,2021-01-01 00:20:38,102,160,
HV0003,B02888,2021-01-01 00:27:56,2021-01-01 00:38:19,102,160,
HV0003,B02888,2021-01-01 00:44:27,2021-01-01 00:54:03,82,226,
HV0003,B02888,2021-01-01 00:57:41,2021-01-01 01:07:56,226,112,
HV0003,B02877,2021-01-01 00:09:47,2021-01-01 00:29:09,76,61,
HV0003,B02877,2021-01-01 00:54:02,2021-01-01 01:01:36,61,61,
HV0003,B02884,2021-01-01 00:46:42,2021-01-01 01:03:36,170,50,
HV0005,B02510,2021-01-01 00:18:38,2021-01-01 00:26:56,129,7,
HV0005,B02510,2021-01-01 00:29:29,2021-01-01 01:16:23,7,265,
HV0003,B02395,2021-01-01 00:21:30,2021-01-01 00:35:15,258,225,
HV0003,B02395,2021-01-01 00:38:27,2021-01-01 00:48:43,177,35,
HV0003,B02395,2021-01-01 00:49:48,2021-01-01 00:59:44,35,72,
HV0003,B02872,2021-01-01 00:26:40,2021-01-01 00:37:26,179,192,
HV0003,B02872,2021-01-01 00:42:23,2021-01-01 00:49:06,192,92,
HV0003,B02872,2021-01-01 00:54:39,2021-01-01 01:03:12,92,53,
HV0003,B02880,2021-01-01 00:03:21,2021-01-01 00:30:02,49,10,
HV0003,B02880,2021-01-01 00:34:35,2021-01-01 00:47:12,10,63,
HV0003,B02880,2021-01-01 00:50:24,2021-01-01 00:54:35,63,76,
HV0003,B02880,2021-01-01 00:59:15,2021-01-01 01:28:39,76,56,
HV0003,B02878,2021-01-01 00:19:45,2021-01-01 00:25:45,18,174,
HV0003,B02878,2021-01-01 00:28:27,2021-01-01 00:32:08,174,241,
HV0003,B02871,2021-01-01 00:44:04,2021-01-01 00:53:36,165,123,
HV0003,B02871,2021-01-01 00:59:35,2021-01-01 01:24:49,149,97,
HV0003,B02887,2021-01-01 00:00:36,2021-01-01 00:38:56,168,265,
HV0003,B02877,2021-01-01 00:22:52,2021-01-01 00:27:03,188,61,
HV0003,B02877,2021-01-01 00:38:35,2021-01-01 00:47:19,188,39,
HV0003,B02877,2021-01-01 00:52:55,2021-01-01 01:07:40,91,177,
HV0003,B02512,2021-01-01 00:43:14,2021-01-01 00:54:32,164,68,
HV0005,B02510,2021-01-01 00:04:43,2021-01-01 00:12:13,149,165,
HV0005,B02510,2021-01-01 00:18:32,2021-01-01 00:52:42,165,249,
HV0005,B02510,2021-01-01 00:58:57,2021-01-01 01:10:08,249,33,
HV0003,B02867,2021-01-01 00:56:02,2021-01-01 01:05:31,68,137,
HV0003,B02889,2021-01-01 00:22:09,2021-01-01 00:37:49,129,135,
HV0003,B02889,2021-01-01 00:42:19,2021-01-01 00:52:55,135,56,
HV0003,B02889,2021-01-01 00:58:26,2021-01-01 01:07:31,173,157,
HV0005,B02510,2021-01-01 00:07:23,2021-01-01 00:12:57,62,35,
HV0005,B02510,2021-01-01 00:16:22,2021-01-01 01:03:34,35,202,
HV0003,B02872,2021-01-01 00:09:35,2021-01-01 00:19:32,148,231,
HV0003,B02872,2021-01-01 00:37:15,2021-01-01 00:43:35,231,114,
HV0005,B02510,2021-01-01 00:52:07,2021-01-01 01:01:51,4,141,
HV0003,B02880,2021-01-01 00:11:22,2021-01-01 00:23:03,82,173,
HV0003,B02880,2021-01-01 00:27:12,2021-01-01 00:37:09,173,82,
HV0003,B02880,2021-01-01 00:41:48,2021-01-01 00:49:18,82,196,
HV0003,B02880,2021-01-01 00:56:14,2021-01-01 01:12:51,160,33,
HV0003,B02872,2021-01-01 00:31:43,2021-01-01 00:48:05,169,213,
HV0003,B02872,2021-01-01 00:51:29,2021-01-01 01:02:09,213,208,
HV0003,B02872,2021-01-01 00:08:30,2021-01-01 00:11:24,39,91,
HV0003,B02872,2021-01-01 00:30:25,2021-01-01 00:40:46,61,35,
HV0003,B02872,2021-01-01 00:50:50,2021-01-01 01:05:21,177,37,
HV0003,B02872,2021-01-01 00:54:57,2021-01-01 01:03:53,125,79,
HV0005,B02510,2021-01-01 00:03:14,2021-01-01 00:16:07,78,126,
HV0005,B02510,2021-01-01 00:19:13,2021-01-01 00:30:29,126,212,
HV0005,B02510,2021-01-01 00:37:32,2021-01-01 00:39:18,248,248,
HV0005,B02510,2021-01-01 00:45:23,2021-01-01 01:13:08,213,80,
HV0003,B02866,2021-01-01 00:38:16,2021-01-01 00:51:40,233,144,
HV0003,B02866,2021-01-01 00:57:44,2021-01-01 01:11:33,231,141,
HV0003,B02864,2021-01-01 00:12:41,2021-01-01 00:14:54,241,241,
HV0003,B02864,2021-01-01 00:20:14,2021-01-01 00:27:47,241,241,
HV0003,B02864,2021-01-01 00:28:56,2021-01-01 00:35:57,241,220,
HV0003,B02864,2021-01-01 00:39:44,2021-01-01 01:13:58,153,160,
HV0005,B02510,2021-01-01 00:33:18,2021-01-01 00:39:12,14,14,
HV0003,B02836,2021-01-01 00:07:30,2021-01-01 00:08:57,203,203,
HV0003,B02836,2021-01-01 00:18:55,2021-01-01 00:51:52,203,225,
HV0003,B02764,2021-01-01 00:56:35,2021-01-01 01:17:08,155,29,
HV0003,B02882,2021-01-01 00:31:42,2021-01-01 00:48:27,263,144,
HV0003,B02765,2021-01-01 00:17:34,2021-01-01 00:25:49,37,198,
HV0003,B02765,2021-01-01 00:27:52,2021-01-01 00:39:24,198,80,
HV0003,B02765,2021-01-01 00:42:54,2021-01-01 00:51:09,80,256,
HV0003,B02765,2021-01-01 00:56:19,2021-01-01 01:02:54,256,37,
HV0005,B02510,2021-01-01 00:11:53,2021-01-01 00:25:16,213,242,
HV0005,B02510,2021-01-01 00:26:59,2021-01-01 00:45:10,242,159,
HV0005,B02510,2021-01-01 00:50:23,2021-01-01 01:11:39,159,18,
HV0003,B02878,2021-01-01 00:05:28,2021-01-01 00:20:15,76,61,
HV0003,B02878,2021-01-01 00:27:53,2021-01-01 00:42:48,61,91,
HV0003,B02878,2021-01-01 00:47:51,2021-01-01 01:08:55,155,227,
HV0005,B02510,2021-01-01 00:57:54,2021-01-01 01:17:32,42,240,
HV0003,B02682,2021-01-01 00:39:49,2021-01-01 00:45:30,232,4,
HV0003,B02682,2021-01-01 00:49:18,2021-01-01 01:15:03,4,36,
HV0003,B02764,2021-01-01 00:50:25,2021-01-01 00:57:25,246,48,
HV0003,B02872,2021-01-01 00:45:41,2021-01-01 01:18:25,49,244,
HV0005,B02510,2021-01-01 00:12:33,2021-01-01 00:15:03,39,39,
HV0005,B02510,2021-01-01 00:26:41,2021-01-01 00:36:16,39,77,
HV0005,B02510,2021-01-01 00:40:28,2021-01-01 01:02:31,77,189,
HV0004,B02800,2021-01-01 00:27:51,2021-01-01 00:35:20,116,166,
HV0003,B02884,2021-01-01 00:35:02,2021-01-01 00:46:33,212,168,
HV0003,B02884,2021-01-01 00:52:22,2021-01-01 01:02:33,168,42,
HV0003,B02765,2021-01-01 00:17:40,2021-01-01 00:24:29,145,112,
HV0003,B02765,2021-01-01 00:33:17,2021-01-01 00:47:40,112,37,
HV0003,B02765,2021-01-01 00:51:50,2021-01-01 00:59:56,36,225,
HV0003,B02879,2021-01-01 00:36:47,2021-01-01 00:59:24,91,77,
HV0005,B02510,2021-01-01 00:09:40,2021-01-01 00:20:45,97,52,
HV0005,B02510,2021-01-01 00:22:41,2021-01-01 00:39:31,52,4,
HV0005,B02510,2021-01-01 00:43:55,2021-01-01 00:53:35,4,137,
HV0003,B02617,2021-01-01 00:57:55,2021-01-01 01:09:19,170,145,
HV0003,B02883,2021-01-01 00:39:48,2021-01-01 00:48:03,79,140,
HV0003,B02869,2021-01-01 00:31:01,2021-01-01 00:54:39,90,255,
HV0003,B02878,2021-01-01 00:17:19,2021-01-01 00:22:45,174,18,
HV0003,B02878,2021-01-01 00:26:35,2021-01-01 00:54:22,18,260,
HV0003,B02764,2021-01-01 00:47:37,2021-01-01 00:54:50,164,249,
HV0005,B02510,2021-01-01 00:33:21,2021-01-01 00:51:47,143,112,
HV0005,B02510,2021-01-01 00:56:08,2021-01-01 01:06:50,112,233,
HV0005,B02510,2021-01-01 00:12:01,2021-01-01 00:41:02,232,39,
HV0005,B02510,2021-01-01 00:49:23,2021-01-01 01:12:34,72,65,
HV0003,B02764,2021-01-01 00:30:41,2021-01-01 00:38:19,151,75,
HV0003,B02764,2021-01-01 00:39:02,2021-01-01 00:44:28,75,263,
HV0003,B02764,2021-01-01 00:45:41,2021-01-01 00:53:01,42,41,
HV0003,B02764,2021-01-01 00:55:01,2021-01-01 01:01:53,41,238,
HV0003,B02764,2021-01-01 00:24:57,2021-01-01 00:36:04,189,61,
HV0003,B02764,2021-01-01 00:40:58,2021-01-01 00:54:25,61,71,
HV0005,B02510,2021-01-01 00:52:18,2021-01-01 01:12:35,107,112,
HV0003,B02512,2021-01-01 00:12:51,2021-01-01 00:18:02,181,257,
HV0003,B02512,2021-01-01 00:26:26,2021-01-01 00:58:37,106,109,
HV0003,B02878,2021-01-01 00:36:22,2021-01-01 01:00:12,181,36,
HV0003,B02682,2021-01-01 00:14:23,2021-01-01 00:28:39,242,69,
HV0003,B02682,2021-01-01 00:35:23,2021-01-01 00:49:20,69,74,
HV0003,B02682,2021-01-01 00:57:53,2021-01-01 01:01:48,168,74,
HV0003,B02864,2021-01-01 00:31:03,2021-01-01 00:40:56,263,239,
HV0003,B02864,2021-01-01 00:42:09,2021-01-01 00:53:19,239,140,
HV0003,B02864,2021-01-01 00:57:45,2021-01-01 01:13:02,141,211,
HV0003,B02764,2021-01-01 00:11:35,2021-01-01 00:31:02,79,235,
HV0003,B02764,2021-01-01 00:34:27,2021-01-01 00:47:20,235,244,
HV0003,B02764,2021-01-01 00:49:49,2021-01-01 01:08:29,244,238,
HV0005,B02510,2021-01-01 00:07:00,2021-01-01 00:20:30,208,167,
HV0005,B02510,2021-01-01 00:30:34,2021-01-01 00:47:57,167,244,
HV0005,B02510,2021-01-01 00:52:51,2021-01-01 01:08:29,244,69,
HV0003,B02869,2021-01-01 00:12:03,2021-01-01 00:25:25,43,229,
HV0003,B02869,2021-01-01 00:28:56,2021-01-01 00:33:10,233,141,
HV0003,B02869,2021-01-01 00:36:30,2021-01-01 00:39:49,141,229,
HV0003,B02869,2021-01-01 00:48:54,2021-01-01 01:00:29,237,239,
HV0005,B02510,2021-01-01 00:11:49,2021-01-01 00:20:18,25,65,
HV0003,B02882,2021-01-01 00:31:24,2021-01-01 00:41:44,25,88,
HV0003,B02882,2021-01-01 00:43:01,2021-01-01 00:59:19,87,141,
HV0005,B02510,2021-01-01 00:10:07,2021-01-01 00:38:10,76,167,
HV0005,B02510,2021-01-01 00:42:38,2021-01-01 01:03:57,167,7,
HV0003,B02395,2021-01-01 00:11:42,2021-01-01 00:25:16,246,236,
HV0005,B02510,2021-01-01 00:23:58,2021-01-01 00:37:02,47,126,
HV0005,B02510,2021-01-01 00:41:23,2021-01-01 00:54:41,126,41,
HV0005,B02510,2021-01-01 00:59:15,2021-01-01 01:28:19,41,49,
HV0003,B02883,2021-01-01 00:21:43,2021-01-01 00:34:33,228,221,
HV0003,B02883,2021-01-01 00:37:27,2021-01-01 00:48:24,115,23,
HV0003,B02764,2021-01-01 00:11:50,2021-01-01 00:29:23,256,225,
HV0003,B02764,2021-01-01 00:36:10,2021-01-01 00:41:47,225,37,
HV0003,B02764,2021-01-01 00:44:23,2021-01-01 00:57:29,37,17,
HV0003,B02887,2021-01-01 00:20:00,2021-01-01 00:33:19,188,257,
HV0003,B02887,2021-01-01 00:38:08,2021-01-01 00:44:37,89,188,
HV0003,B02887,2021-01-01 00:49:46,2021-01-01 01:02:45,188,49,
HV0005,B02510,2021-01-01 00:25:43,2021-01-01 00:38:36,225,77,
HV0005,B02510,2021-01-01 00:43:53,2021-01-01 01:16:52,76,34,
HV0003,B02764,2021-01-01 00:19:09,2021-01-01 00:36:27,126,41,
HV0003,B02764,2021-01-01 00:41:26,2021-01-01 00:56:05,41,247,
HV0005,B02510,2021-01-01 00:27:24,2021-01-01 00:36:44,151,142,
HV0005,B02510,2021-01-01 00:40:23,2021-01-01 00:55:14,239,107,
HV0005,B02510,2021-01-01 00:10:36,2021-01-01 00:24:32,71,61,
HV0005,B02510,2021-01-01 00:32:41,2021-01-01 00:42:56,177,225,
HV0005,B02510,2021-01-01 00:53:02,2021-01-01 01:04:13,61,177,
HV0003,B02617,2021-01-01 00:34:27,2021-01-01 00:48:55,14,65,
HV0003,B02617,2021-01-01 00:39:53,2021-01-01 00:55:05,79,189,
HV0003,B02617,2021-01-01 00:58:49,2021-01-01 01:14:52,97,85,
HV0005,B02510,2021-01-01 00:32:52,2021-01-01 00:42:37,68,114,
HV0005,B02510,2021-01-01 00:53:41,2021-01-01 01:17:35,79,14,
HV0003,B02889,2021-01-01 00:27:54,2021-01-01 00:38:01,212,242,
HV0003,B02889,2021-01-01 00:41:35,2021-01-01 00:50:35,242,208,
HV0003,B02889,2021-01-01 00:58:35,2021-01-01 01:05:10,185,185,
HV0003,B02884,2021-01-01 00:19:07,2021-01-01 00:57:23,72,265,
HV0003,B02764,2021-01-01 00:23:05,2021-01-01 00:27:44,228,228,
HV0003,B02764,2021-01-01 00:31:46,2021-01-01 01:08:17,227,198,
HV0003,B02882,2021-01-01 00:10:10,2021-01-01 00:20:31,119,241,
HV0003,B02882,2021-01-01 00:25:54,2021-01-01 00:40:25,241,244,
HV0003,B02882,2021-01-01 00:43:38,2021-01-01 01:00:14,244,254,
HV0003,B02836,2021-01-01 00:14:46,2021-01-01 00:23:34,77,39,
HV0003,B02836,2021-01-01 00:28:27,2021-01-01 00:37:19,39,39,
HV0003,B02836,2021-01-01 00:40:57,2021-01-01 00:45:28,39,39,
HV0003,B02836,2021-01-01 00:52:15,2021-01-01 01:10:09,39,10,
HV0003,B02869,2021-01-01 00:17:16,2021-01-01 00:26:45,248,169,
HV0003,B02869,2021-01-01 00:35:56,2021-01-01 00:46:03,20,241,
HV0003,B02869,2021-01-01 00:52:46,2021-01-01 01:05:13,136,32,
HV0003,B02764,2021-01-01 00:26:19,2021-01-01 00:38:18,145,83,
HV0003,B02764,2021-01-01 00:42:35,2021-01-01 00:51:30,260,196,
HV0003,B02764,2021-01-01 00:45:58,2021-01-01 00:56:05,161,145,
HV0005,B02510,2021-01-01 00:06:31,2021-01-01 00:25:01,238,42,
HV0005,B02510,2021-01-01 00:38:43,2021-01-01 00:54:55,74,60,
HV0003,B02395,2021-01-01 00:22:18,2021-01-01 00:32:06,39,72,
HV0003,B02395,2021-01-01 00:41:28,2021-01-01 00:51:58,72,39,
HV0003,B02395,2021-01-01 00:56:18,2021-01-01 01:26:23,39,25,
HV0003,B02682,2021-01-01 00:13:00,2021-01-01 00:18:44,75,74,
HV0003,B02682,2021-01-01 00:24:35,2021-01-01 00:30:33,168,167,
HV0003,B02682,2021-01-01 00:45:40,2021-01-01 00:59:58,47,235,
HV0005,B02510,2021-01-01 00:35:35,2021-01-01 00:51:58,4,48,
HV0005,B02510,2021-01-01 00:57:20,2021-01-01 01:07:12,142,263,
HV0003,B02887,2021-01-01 00:31:36,2021-01-01 01:02:09,141,177,
HV0003,B02882,2021-01-01 00:55:03,2021-01-01 01:22:56,213,69,
HV0003,B02395,2021-01-01 00:08:33,2021-01-01 00:20:03,62,72,
HV0003,B02395,2021-01-01 00:36:50,2021-01-01 00:48:28,72,91,
HV0003,B02395,2021-01-01 00:49:31,2021-01-01 01:08:18,91,26,
HV0005,B02510,2021-01-01 00:45:10,2021-01-01 00:59:33,243,174,
HV0004,B02800,2021-01-01 00:18:57,2021-01-01 00:36:36,7,127,
HV0005,B02510,2021-01-01 00:20:27,2021-01-01 00:37:35,75,244,
HV0005,B02510,2021-01-01 00:41:16,2021-01-01 00:53:43,244,116,
HV0005,B02510,2021-01-01 00:55:52,2021-01-01 01:01:48,116,166,
HV0003,B02875,2021-01-01 00:19:58,2021-01-01 00:35:03,137,80,
HV0003,B02875,2021-01-01 00:47:52,2021-01-01 01:03:21,80,90,
HV0003,B02764,2021-01-01 00:37:03,2021-01-01 01:03:18,263,62,
HV0003,B02879,2021-01-01 00:17:14,2021-01-01 00:24:43,208,185,
HV0003,B02879,2021-01-01 00:29:51,2021-01-01 00:40:35,32,200,
HV0003,B02879,2021-01-01 00:41:55,2021-01-01 00:45:21,200,241,
HV0003,B02879,2021-01-01 00:48:41,2021-01-01 00:57:40,241,174,
HV0003,B02879,2021-01-01 00:59:12,2021-01-01 01:11:50,174,208,
HV0003,B02866,2021-01-01 00:33:06,2021-01-01 00:42:55,181,61,
HV0003,B02866,2021-01-01 00:52:54,2021-01-01 01:00:11,61,225,
HV0003,B02875,2021-01-01 00:43:36,2021-01-01 01:06:54,48,146,
HV0005,B02510,2021-01-01 00:15:56,2021-01-01 00:26:30,45,232,
HV0003,B02617,2021-01-01 00:31:57,2021-01-01 00:57:11,232,188,
HV0005,B02510,2021-01-01 00:01:32,2021-01-01 00:17:37,214,118,
HV0005,B02510,2021-01-01 00:43:57,2021-01-01 00:50:02,14,228,
HV0005,B02510,2021-01-01 00:53:29,2021-01-01 00:58:38,228,227,
HV0005,B02510,2021-01-01 00:50:42,2021-01-01 01:05:17,157,121,
HV0005,B02510,2021-01-01 00:28:28,2021-01-01 00:40:12,79,229,
HV0005,B02510,2021-01-01 00:46:05,2021-01-01 01:05:17,229,17,
HV0003,B02879,2021-01-01 00:18:05,2021-01-01 00:28:51,69,41,
HV0003,B02879,2021-01-01 00:32:39,2021-01-01 00:48:41,41,129,
HV0003,B02879,2021-01-01 00:53:11,2021-01-01 00:55:32,129,129,
HV0003,B02889,2021-01-01 00:46:16,2021-01-01 00:53:55,231,249,
HV0003,B02889,2021-01-01 00:58:49,2021-01-01 01:24:14,113,188,
HV0003,B02872,2021-01-01 00:14:13,2021-01-01 00:47:07,76,195,
HV0003,B02872,2021-01-01 00:53:44,2021-01-01 01:09:49,195,4,
HV0005,B02510,2021-01-01 00:50:48,2021-01-01 01:02:21,48,137,
HV0003,B02764,2021-01-01 00:12:23,2021-01-01 00:28:36,238,158,
HV0003,B02764,2021-01-01 00:46:42,2021-01-01 01:04:15,25,26,
HV0003,B02877,2021-01-01 00:33:52,2021-01-01 00:50:42,49,37,
HV0003,B02882,2021-01-01 00:53:51,2021-01-01 01:10:58,254,182,
HV0003,B02876,2021-01-01 00:47:21,2021-01-01 00:58:33,234,4,
HV0003,B02887,2021-01-01 00:17:24,2021-01-01 00:33:13,246,87,
HV0003,B02887,2021-01-01 00:36:21,2021-01-01 00:55:10,87,181,
HV0003,B02887,2021-01-01 00:58:53,2021-01-01 01:09:54,181,188,
HV0003,B02765,2021-01-01 00:00:26,2021-01-01 00:15:21,95,134,
HV0003,B02765,2021-01-01 00:24:11,2021-01-01 00:48:06,197,36,
HV0003,B02765,2021-01-01 00:51:44,2021-01-01 01:11:31,37,232,
HV0003,B02765,2021-01-01 00:09:14,2021-01-01 00:17:50,213,212,
HV0003,B02765,2021-01-01 00:25:25,2021-01-01 00:43:23,213,127,
HV0003,B02765,2021-01-01 00:48:01,2021-01-01 01:00:54,127,47,
HV0003,B02877,2021-01-01 00:29:05,2021-01-01 00:45:21,141,7,
HV0003,B02877,2021-01-01 00:48:56,2021-01-01 01:07:17,260,235,
HV0003,B02764,2021-01-01 00:15:07,2021-01-01 00:26:51,230,263,
HV0003,B02764,2021-01-01 00:31:13,2021-01-01 00:36:49,140,141,
HV0003,B02764,2021-01-01 00:38:36,2021-01-01 00:58:08,141,65,
HV0003,B02872,2021-01-01 00:35:38,2021-01-01 00:50:05,113,256,
HV0003,B02872,2021-01-01 00:53:41,2021-01-01 01:12:31,256,228,
HV0003,B02872,2021-01-01 00:08:10,2021-01-01 00:49:19,242,95,
HV0003,B02872,2021-01-01 00:53:03,2021-01-01 01:07:07,95,198,
HV0003,B02764,2021-01-01 00:10:06,2021-01-01 00:33:09,37,145,
HV0003,B02764,2021-01-01 00:49:25,2021-01-01 01:01:34,157,102,
HV0003,B02395,2021-01-01 00:21:13,2021-01-01 00:25:46,216,216,
HV0003,B02395,2021-01-01 00:28:54,2021-01-01 00:41:02,216,76,
HV0003,B02395,2021-01-01 00:46:09,2021-01-01 01:05:35,76,225,
HV0003,B02888,2021-01-01 00:08:48,2021-01-01 00:16:32,75,238,
HV0003,B02888,2021-01-01 00:25:39,2021-01-01 00:37:19,151,244,
HV0003,B02888,2021-01-01 00:44:48,2021-01-01 00:57:05,244,69,
HV0003,B02888,2021-01-01 00:58:06,2021-01-01 01:14:11,69,20,
HV0005,B02510,2021-01-01 00:09:16,2021-01-01 00:40:04,61,42,
HV0005,B02510,2021-01-01 00:51:01,2021-01-01 01:11:27,116,51,
HV0003,B02876,2021-01-01 00:21:57,2021-01-01 00:36:01,74,42,
HV0003,B02876,2021-01-01 00:38:04,2021-01-01 01:08:21,42,36,
HV0003,B02879,2021-01-01 00:31:45,2021-01-01 00:54:33,106,89,
HV0003,B02864,2021-01-01 00:12:19,2021-01-01 00:21:23,242,169,
HV0003,B02864,2021-01-01 00:24:02,2021-01-01 00:32:41,169,78,
HV0003,B02864,2021-01-01 00:37:19,2021-01-01 00:44:50,78,169,
HV0003,B02864,2021-01-01 00:50:45,2021-01-01 00:55:11,47,78,
HV0003,B02864,2021-01-01 00:57:40,2021-01-01 01:05:42,78,169,
HV0003,B02870,2021-01-01 00:23:59,2021-01-01 00:24:09,19,19,
HV0003,B02870,2021-01-01 00:25:20,2021-01-01 00:37:25,19,9,
HV0003,B02870,2021-01-01 00:44:41,2021-01-01 01:09:26,98,265,
HV0003,B02880,2021-01-01 00:17:32,2021-01-01 00:34:03,255,225,
HV0003,B02880,2021-01-01 00:37:06,2021-01-01 00:42:33,225,225,
HV0003,B02880,2021-01-01 00:48:01,2021-01-01 01:16:56,37,227,
HV0005,B02510,2021-01-01 00:18:59,2021-01-01 00:32:30,168,136,
HV0005,B02510,2021-01-01 00:37:22,2021-01-01 00:55:04,18,265,
HV0003,B02765,2021-01-01 00:00:21,2021-01-01 00:10:02,247,168,
HV0003,B02682,2021-01-01 00:10:22,2021-01-01 00:17:05,79,249,
HV0003,B02682,2021-01-01 00:33:01,2021-01-01 01:02:08,158,85,
HV0003,B02682,2021-01-01 00:10:25,2021-01-01 00:29:51,41,7,
HV0003,B02682,2021-01-01 00:34:10,2021-01-01 01:02:23,7,50,
HV0005,B02510,2021-01-01 00:43:41,2021-01-01 00:47:18,198,36,
HV0005,B02510,2021-01-01 00:50:45,2021-01-01 00:57:53,36,36,
HV0003,B02395,2021-01-01 00:13:40,2021-01-01 00:30:41,241,3,
HV0003,B02395,2021-01-01 00:33:54,2021-01-01 00:45:43,3,78,
HV0003,B02395,2021-01-01 00:50:26,2021-01-01 01:04:11,248,169,
HV0003,B02864,2021-01-01 00:20:54,2021-01-01 00:44:42,112,37,
HV0003,B02864,2021-01-01 00:51:00,2021-01-01 01:03:37,36,80,
HV0005,B02510,2021-01-01 00:20:00,2021-01-01 00:33:35,180,132,
HV0005,B02510,2021-01-01 00:46:21,2021-01-01 00:52:43,203,218,
HV0005,B02510,2021-01-01 00:20:07,2021-01-01 00:36:26,68,170,
HV0005,B02510,2021-01-01 00:41:52,2021-01-01 00:45:35,137,229,
HV0005,B02510,2021-01-01 00:52:40,2021-01-01 01:05:03,137,112,
HV0005,B02510,2021-01-01 00:12:31,2021-01-01 00:17:40,82,82,
HV0005,B02510,2021-01-01 00:21:13,2021-01-01 00:26:13,82,129,
HV0003,B02876,2021-01-01 00:29:29,2021-01-01 00:40:34,173,56,
HV0003,B02876,2021-01-01 00:44:47,2021-01-01 01:00:12,56,53,
HV0005,B02510,2021-01-01 00:18:59,2021-01-01 00:35:19,36,256,
HV0005,B02510,2021-01-01 00:38:33,2021-01-01 01:01:39,256,48,
HV0005,B02510,2021-01-01 00:21:08,2021-01-01 00:27:50,89,188,
HV0003,B02835,2021-01-01 00:39:08,2021-01-01 00:50:18,17,61,
HV0003,B02835,2021-01-01 00:55:19,2021-01-01 01:33:06,225,205,
HV0003,B02871,2021-01-01 00:33:43,2021-01-01 00:47:52,255,61,
HV0005,B02510,2021-01-01 00:53:10,2021-01-01 01:21:09,114,21,
HV0003,B02512,2021-01-01 00:18:35,2021-01-01 00:26:53,167,42,
HV0003,B02512,2021-01-01 00:35:39,2021-01-01 00:42:59,116,116,
HV0003,B02512,2021-01-01 00:44:54,2021-01-01 01:15:59,116,132,
